<?xml version="1.0" encoding="UTF-8"?>
<project-private xmlns="http://www.netbeans.org/ns/project-private/1">
    <editor-bookmarks xmlns="http://www.netbeans.org/ns/editor-bookmarks/1"/>
    <editor-bookmarks xmlns="http://www.netbeans.org/ns/editor-bookmarks/2" lastBookmarkId="0"/>
    <open-files xmlns="http://www.netbeans.org/ns/projectui-open-files/1">
        <file>file:/media/sdb1/Documentos/Proyecto/Interdisciplinario/Java/2011-05-01/data_management/src/client_management/prueba.java</file>
        <file>file:/media/sdb1/Documentos/Proyecto/Interdisciplinario/Java/2011-05-01/data_management/src/data_management/Main.java</file>
        <file>file:/media/sdb1/Documentos/Proyecto/Interdisciplinario/Java/2011-05-01/data_management/src/server_management/Server_Socket.java</file>
        <file>file:/media/sdb1/Documentos/Proyecto/Interdisciplinario/Java/2011-05-01/data_management/src/server_management/db_management.java</file>
        <file>file:/media/sdb1/Documentos/Proyecto/Interdisciplinario/Java/2011-05-01/data_management/src/data_management/Security.java</file>
    </open-files>
</project-private>
